,Link,Job Title,Company Name,Location,Salary,Date
1,https://pk.indeed.com/company/Servixer/jobs/Data-Entry-dac06508366e0038?fccid=d26032eec8522bc4&vjs=3,Data Entry,Servixer,Karachi,"Rs 27,000 - Rs 100,000 a month",EmployerActive 1 day ago
2,https://pk.indeed.com/company/TATA-Pakistan/jobs/Senior-Officer-Data-Entry-fb9aea6f94fd5e79?fccid=d706214105e7ef8f&vjs=3,Sr. Officer Data Entrynew,TATA Pakistan,Karachi,"Rs 35,000 a month",EmployerActive 2 days ago
3,https://pk.indeed.com/company/Speedylancer/jobs/Data-Entry-Officer-2316c18997d86ee9?fccid=bd9a109c35d682a0&vjs=3,DATA ENTRY OFFICERnew,Speedylancer,Karachi,"Rs 20,000 - Rs 25,000 a month",PostedPosted 1 day ago
4,https://pk.indeed.com/company/Lucky-Aluminum-Pvt-Ltd/jobs/Data-Entry-Operator-d5fd079c7a97b328?fccid=cba6795826322790&vjs=3,Data Entry Operator,Lucky Aluminum Pvt Ltd,Karachi,"Rs 25,000 - Rs 35,000 a month",PostedPosted 12 days ago
5,https://pk.indeed.com/company/Saba-Digital-Convenience/jobs/Data-Entry-Officer-d61d9ea70406573e?fccid=59ba9427b6fd1e84&vjs=3,Data Entry Officernew,Saba Digital Convenience,Karachi,N/A,PostedPosted 6 days ago
6,https://pk.indeed.com/company/CUBIXXX-Marketing/jobs/Data-Entry-Operator-a40567830f4318b5?fccid=41d413bd16096084&vjs=3,Data Entry Operatornew,Cubixxx Marketing,Karachi,N/A,PostedPosted 2 days ago
7,https://pk.indeed.com/company/Plentys.pk/jobs/Data-Entry-Operator-6ac665a9b5fc2bfa?fccid=c86a502f28a5bfa7&vjs=3,Data Entry Operator,Plentys.pk,Karachi,"Rs 25,000 a month",EmployerActive 9 days ago
8,https://pk.indeed.com/company/Al-Farooq-Iron/jobs/Data-Entry-Operator-ccd4d0e753c0f9d8?fccid=1a302fb43f123dfc&vjs=3,Data Entry Operator,Al Farooq Iron Merchant,Karachi,"Rs 18,000 - Rs 20,000 a month",EmployerActive 1 day ago
9,https://pk.indeed.com/company/HRSG-Outsourcing/jobs/Data-Entry-Support-7d7a0494e29e4e04?fccid=9a07d49b07dd2c03&vjs=3,Data Entry Supportnew,HRSG Outsourcing Pvt Limited,Karachi,"Rs 30,000 a month",PostedPosted 6 days ago
10,https://pk.indeed.com/company/Hakimi-Recruiters/jobs/Data-Entry-64729cb44dd5dd60?fccid=dd616958bd9ddc12&vjs=3,Data Entry,Hakimi Recruiters,Karachi,"Rs 25,000 - Rs 35,000 a month",EmployerActive 3 days ago
11,https://pk.indeed.com/company/LeatherJacket4/jobs/Data-Entry-Operator-f655b9b2fa4abf8f?fccid=248a02daeb4451df&vjs=3,Data Entry Operator (Female),LeatherJacket4,Karachi,"Rs 20,000 - Rs 25,000 a month",PostedPosted 30+ days ago
12,https://pk.indeed.com/company/MWM-Digital/jobs/Data-Entry-Operator-cd9f98f2b3c3ee97?fccid=26394e24c6f03d61&vjs=3,Data Entry Operator,Carpe Diem Team,Karachi,"Rs 25,000 - Rs 35,000 a month",EmployerActive 3 days ago
13,https://pk.indeed.com/company/MicroMerger-(Pvt.)-Ltd/jobs/Data-Quality-Officer-89c2690341ed5240?fccid=2f3a20a11b8438fa&vjs=3,Data Quality Officer-Karachinew,MicroMerger (Pvt.) Ltd,Karachi,"Rs 44,000 a month",PostedPosted 4 days ago
14,https://pk.indeed.com/company/NCCI/jobs/Data-Entry-Operator-5cc409a46a9e14f5?fccid=bbd2075961d55a90&vjs=3,Data Entry Operator,NCCI,Karachi,"Rs 24,000 - Rs 26,000 a month",EmployerActive 1 day ago
15,https://pk.indeed.com/company/Daily-Food-Industries/jobs/Data-Entry-Operator-Kpo-5862d30e25f3226a?fccid=f6494c01490823ed&vjs=3,Data Entry Operator/KPO,Daily Food Industries,Karachi,"Rs 20,000 - Rs 25,000 a month",PostedPosted 30+ days ago
16,https://pk.indeed.com/company/Zubaidas-Mothershop/jobs/Data-Entry-dd6ffbe596d3087e?fccid=7631be50388d34b2&vjs=3,Data Entry,Zubaidas Mothershop,Karachi,"Rs 20,000 a month",EmployerActive 13 days ago
17,https://pk.indeed.com/company/Prod--Ro/jobs/Data-Entry-Operator-475a4234a5a7a28d?fccid=06c2465f9064e8bb&vjs=3,Data Entry Operator,Minibig Technologies,Karachi,N/A,EmployerActive 8 days ago
18,https://pk.indeed.com/company/Fulcrum-Pvt-Ltd/jobs/Data-Entry-Operator-eb0d50b5a78c034b?fccid=dc55519868e92e7f&vjs=3,Data entry operator / Warehouse assistant,Fulcrum Pvt Ltd,Karachi,"Rs 25,000 a month",EmployerActive 1 day ago
19,https://pk.indeed.com/company/AAA-Facility-Management-Pvt-Ltd./jobs/Store-Supervisor-ef4da981799ff826?fccid=d76e5b63d6ee5828&vjs=3,Store Supervisor,AAA Facility Management (Pvt)Ltd.,Karachi,N/A,EmployerActive 4 days ago
20,https://pk.indeed.com/company/Division-petrochimique-Arfeen-International-(pvt.)-limited/jobs/Data-Entry-Analyst-53f910eaac35e6ce?fccid=d806460f3a4d46cc&vjs=3,Data Entry Analyst,Division petrochimique Arfeen International (pvt.)...,Karachi,"Rs 45,000 - Rs 50,000 a month",PostedPosted 30+ days ago
21,https://pk.indeed.com/company/Al-Mustafa-Welfare-Society/jobs/Store-Officer-387996007a3ecbe6?fccid=8f5f29d52abb924d&vjs=3,Store Officer,Al Mustafa Welfare Society,Karachi,"Rs 45,000 - Rs 50,000 a month",EmployerActive 1 day ago
22,https://pk.indeed.com/company/Speedylancer/jobs/Data-Entry-Officer-2afb74904c70597b?fccid=bd9a109c35d682a0&vjs=3,DATA ENTRY OFFICER (MALE CANDIDATES),Speedylancer,Karachi+1 location,"Rs 22,000 - Rs 30,000 a month",EmployerActive 1 day ago
23,https://pk.indeed.com/rc/clk?jk=45e8768f9ba42455&fccid=fc4ca34e7e15c6b6&vjs=3,Data Entry Specialist,Chapal,Karachi,N/A,PostedPosted 30+ days ago
24,https://pk.indeed.com/company/Fulcrum-Pvt-Ltd/jobs/Warehouse-Supervisor-8e9fb5eec026ef4e?fccid=dc55519868e92e7f&vjs=3,Warehouse Supervisor - Korangi,Fulcrum Pvt Ltd,Karachi,"Rs 35,000 - Rs 40,000 a month",PostedPosted 30+ days ago
25,https://pk.indeed.com/company/HRSG/jobs/Research-Associate-27ae439b3866749b?fccid=7ee7dfbd109f1eb3&vjs=3,Research Associate,HRSG,Karachi,"Rs 60,000 - Rs 70,000 a month",EmployerActive 1 day ago
26,https://pk.indeed.com/company/AME-Solutions/jobs/Female-Data-Entry-Operator-12d5a6496e127588?fccid=ba1de5b8c7ade98b&vjs=3,Required Female Data Entry Operatornew,AME Solutions,Karachi,"Rs 25,000 a month",PostedPosted 6 days ago
27,https://pk.indeed.com/company/AUA-SOLUTIONS/jobs/Data-Processing-Associate-7e5505baaef80984?fccid=bad220a08e03b070&vjs=3,Data Processing Associatenew,AUA Solutions,Karachi,"Rs 22,000 - Rs 32,000 a month",EmployerActive 4 days ago
28,https://pk.indeed.com/company/Akber-Ali-&-Sons/jobs/Data-Entry-Intern-701f2629642331ac?fccid=641365501046e051&vjs=3,Data Entry Intern,Akber Ali & Sons,Karachi,N/A,EmployerActive 3 days ago
29,https://pk.indeed.com/company/The-Hunar-Foundation/jobs/Student-Relation-Officer-21760f4668b2a6ea?fccid=877d947e4a818703&vjs=3,Students Relation Officer (SRO) - Karachinew,The Hunar Foundation,Karachi,"Rs 30,000 - Rs 45,000 a month",PostedPosted 4 days ago
30,https://pk.indeed.com/company/Gerry's-International/jobs/Ticketing-Reservation-Officer-a21b254c9f4c1fda?fccid=410a45219cd633a0&vjs=3,Ticketing and Reservations Officer,Gerry's International,Karachi,"Rs 45,000 a month",PostedPosted 20 days ago
31,https://pk.indeed.com/company/ASL/jobs/Data-Entry-Operator-0af1bfe29a0180b8?fccid=a743709abd9caf37&vjs=3,Data Entry Operator,AMRELI STEELS LIMITED,Karachi,"Rs 22,000 - Rs 25,000 a month",EmployerActive 6 days ago
32,https://pk.indeed.com/company/HUBSTAR-FOAM-PVT-LIMITED/jobs/Account-Coordinator-790b25bdbccfb7b3?fccid=69e8aecf2aff757f&vjs=3,ACCOUNTS COORDINATOR,HUBSTAR FOAM PVT LIMITED,Karachi,"Rs 60,000 a month",EmployerActive 1 day ago
33,https://pk.indeed.com/company/Supersoft-Technologies/jobs/Data-Entry-Operator-cc8e9ed19f65a3eb?fccid=44aa4b3b4e4ead3d&vjs=3,Data Entry Operator,Supersoft Technologies,Karachi,"Rs 15,000 - Rs 20,000 a month",PostedPosted 11 days ago
34,https://pk.indeed.com/company/hotel-towels-usa/jobs/Data-Entry-Operator-9d7d3f37233b284d?fccid=f6e28118e2b8b5c8&vjs=3,Data Entry Operator (Female),Digitizal,Karachi,"Rs 20,000 - Rs 25,000 a month",EmployerActive 6 days ago
35,https://pk.indeed.com/company/Exide-Pakistan-Limited/jobs/Production-Data-Coordinator-0d23bcd4f61740db?fccid=4f4cab9db05c409d&vjs=3,Production Data Coordinator,Exide Pakistan Limited,Karachi,N/A,PostedPosted 11 days ago
36,https://pk.indeed.com/company/Digaptics-Inc/jobs/Office-Work-b92291926b803069?fccid=c3183dd3e35802b3&vjs=3,Office Work,Digaptics Inc,Karachi,N/A,EmployerActive 3 days ago
37,https://pk.indeed.com/company/PlegoTechnologies/jobs/Bookkeeping-Executive-7c544e39a0cb3100?fccid=a88ec61a9fa2633e&vjs=3,Bookkeeping Executive - Remote,Horizon Technologies,Karachi,"Rs 70,000 - Rs 120,000 a month",PostedPosted 22 days ago
38,https://pk.indeed.com/rc/clk?jk=b4cf17c89b254ebe&fccid=e04427867776d3bd&vjs=3,Data Officer,Pathfinder International,Karachi,N/A,PostedPosted 12 days ago
39,https://pk.indeed.com/company/Fulcrum-Pvt-Ltd/jobs/QA-Supervisor-ac6415b983ad0915?fccid=dc55519868e92e7f&vjs=3,QA Supervisor - Food Industry - Korangi,Fulcrum Pvt Ltd,Karachi,"Rs 35,000 a month",EmployerActive 10 days ago
40,https://pk.indeed.com/company/Highfy-Private-Limited/jobs/Data-Entry-Inventory-Management-dda30560365b576a?fccid=eb2f5c29e1d928a7&vjs=3,Data Entry and Inventory Management,Highfy Private Limited,Karachi,"Rs 22,000 - Rs 25,000 a month",PostedPosted 30+ days ago
41,https://pk.indeed.com/company/Sanaulla-Store/jobs/Warehouse-Manager-f19ecba3b378a731?fccid=80c6113dc0095111&vjs=3,Warehouse Manager,Sanaulla Store,Karachi,"Rs 50,000 - Rs 65,000 a month",PostedPosted 12 days ago
42,https://pk.indeed.com/company/Wallstreet-Garments/jobs/Customer-Service-Representative-d021738d3e5e87d0?fccid=6767c68303a2a45d&vjs=3,Customer Service Representative (Part-time/Full-time),CP Stores,Karachi,"Rs 16,000 - Rs 18,000 a month",PostedPosted 30+ days ago
43,https://pk.indeed.com/company/Lucky-Aluminium-Pvt-Ltd/jobs/Account-Officer-5558645e5b9aa547?fccid=7b39d3089f8cb5d7&vjs=3,Accounts Officer,Lucky Aluminium Pvt Ltd,Karachi,"Rs 30,000 - Rs 45,000 a month",PostedPosted 18 days ago
44,https://pk.indeed.com/company/Success-Recruiting/jobs/Assistant-Data-Entry-2031627360068cc2?fccid=cadf4ada2c683aa8&vjs=3,Assistant Data Entry,"Retail Outlet, Cooperative Market, Saddar, Karachi",Karachi,"Rs 25,000 a month",PostedPosted 10 days ago
45,https://pk.indeed.com/company/Shipping-&-Logistics/jobs/Data-Entry-Operator-Marketing-Department-f750a6b5c6828478?fccid=ee7c6d5567845612&vjs=3,Data Entry Operator for Marketing Department,Plastics Product Manufacturing,Karachi,N/A,EmployerActive 1 day ago
46,https://pk.indeed.com/rc/clk?jk=0bd80528772d2583&fccid=6fd0f62bb4049779&vjs=3,Receptionist,Patients' Aid Foundation,Karachi,N/A,PostedPosted 30+ days ago
47,https://pk.indeed.com/company/TGM/jobs/Graphic-Designer-1104766c66fca2aa?fccid=da75a5c5cd958515&vjs=3,Graphic Designer / Data Entry Requirednew,THE GREAT MASTERS,Karachi,"Rs 10,000 - Rs 25,000 a month",PostedPosted 2 days ago
48,https://pk.indeed.com/company/Tabook/jobs/Data-Entry-Officer-aeb542e97ef79a10?fccid=595916f1b3e7404d&vjs=3,Data Entry Officer,OCCI,Karachi,"Rs 18,000 - Rs 22,000 a month",PostedPosted 24 days ago
49,https://pk.indeed.com/company/Wisdom-Motors-LLC/jobs/Tele-Sales-Executive-6d1dc126ee0faeca?fccid=43f931a089067c59&vjs=3,Tele Sales Executivenew,Robust Auto Group,Karachi,"Rs 40,000 - Rs 80,000 a month",EmployerActive 1 day ago
50,https://pk.indeed.com/company/UBL-Funds/jobs/Operation-Officer-a850deed0f60cfe8?fccid=d21df0be2db157ee&vjs=3,Operations Officer,UBL Funds,Karachi,"Rs 30,000 - Rs 32,000 a month",EmployerActive 2 days ago
51,https://pk.indeed.com/company/Aykays/jobs/Internship-Program-154bcf251673779c?fccid=3b348a5cdb2faa85&vjs=3,Internship Program 2022,Aykays,Karachi,"Rs 5,000 - Rs 10,000 a month",PostedPosted 30+ days ago
52,https://pk.indeed.com/company/Sociofy/jobs/Senior-Executive-Accountant-a4775238c6d12a54?fccid=c47692bf00a924af&vjs=3,Senior Executive Accountantnew,Sociofy (Private) Limited,Karachi,"Rs 80,000 - Rs 110,000 a month",EmployerActive 2 days ago
53,https://pk.indeed.com/company/Trax-courier-&-Logistics/jobs/Operation-Staff-a22320b8981c9573?fccid=245e61b698b3ef6f&vjs=3,Operations Staff Requirednew,Trax courier & Logistics,Karachi,"Rs 20,000 - Rs 25,000 a month",PostedPosted 2 days ago
54,https://pk.indeed.com/rc/clk?jk=6f2749175ede8462&fccid=95d20ec7cc063452&vjs=3,Warehouse Incharge,Optimum Advisory,Karachi,N/A,PostedPosted 30+ days ago
55,https://pk.indeed.com/company/Fulcrum-Pvt-Ltd/jobs/Warehouse-Supervisor-fcb189771d28209e?fccid=dc55519868e92e7f&vjs=3,Warehouse Supervisor - Finished Goods Karachi,Fulcrum Pvt Ltd,Karachi,"Rs 35,000 a month",EmployerActive 1 day ago
56,https://pk.indeed.com/company/Deific/jobs/Business-Analyst-61f7cb82f3084afb?fccid=68586256cbbca17c&vjs=3,Business Analyst.,Deific,Karachi,"Rs 20,000 - Rs 50,000 a month",EmployerActive 1 day ago
57,https://pk.indeed.com/company/Sand-Box/jobs/Data-Entry-Operator-8f848c308292087b?fccid=4772827a2ff2505e&vjs=3,Data Entry Operator,Sand Box,Karachi,"Rs 15,000 - Rs 25,000 a month",PostedPosted 30+ days ago
58,https://pk.indeed.com/company/The-Byte-Office/jobs/Account-Executive-6bb195912a542b97?fccid=074bf562e14ffc50&vjs=3,Accounts Executive,The byte office,Karachi,"Rs 50,000 - Rs 100,000 a month",EmployerActive 2 days ago
59,https://pk.indeed.com/company/Al--Muslim-Goods-Transport-Company/jobs/Accountant-6b8c668dc66b6269?fccid=e582b379697455f3&vjs=3,Accountant,Al-Muslim Goods Transport Company,Karachi,"Rs 40,000 - Rs 60,000 a month",EmployerActive 3 days ago
60,https://pk.indeed.com/company/Goho-rooms/jobs/Hotel-Operation-Manager-789fd7f7826bf428?fccid=0435aab62ed2ec63&vjs=3,Hotel Operations Manager,Goho rooms,Karachi,"Rs 70,000 - Rs 100,000 a month",EmployerActive 4 days ago
61,https://pk.indeed.com/company/Fusion-corporation/jobs/Female-Data-Entry-Officer-6e83680e0f4a1588?fccid=800e0082a89aa072&vjs=3,FEMALE Data Entry Officers,Fusion Corporation,Karachi,"Rs 20,000 a month",EmployerActive 5 days ago
62,https://pk.indeed.com/company/Universal-Brushwares-Pvt-Ltd/jobs/Intern-7ba40f53d3e5581d?fccid=3aa4b09ad68d7675&vjs=3,INTERN (HR),Universal Brushwares Pvt Ltd,Karachi,"Rs 20,000 - Rs 30,000 a month",EmployerActive 1 day ago
63,https://pk.indeed.com/company/Source-Code/jobs/International-Sales-Rsp-fe491d8b19e8564e?fccid=9e201390ae8ab2ff&vjs=3,International Sales RSP (Night Shift),Source Code,Karachi,"Rs 80,000 a month",EmployerActive 2 days ago
64,https://pk.indeed.com/company/Aspire-Knight/jobs/Data-Entry-Executive-fc33e2f930f1d834?fccid=7df7f10385e67940&vjs=3,Data Entry Executive,Aspire Knight,Karachi,"Rs 15,000 - Rs 25,000 a month",PostedPosted 30+ days ago
65,https://pk.indeed.com/company/Stitch-Fit-Fashions/jobs/Customer-Service-Representative-Tailoring-Coordinator-c04bd7200b211e1e?fccid=eb26a88e60d7496f&vjs=3,CSR Tailoring Coordinator - Retailnew,A Moosajee Sons,Karachi,"Rs 35,000 - Rs 40,000 a month",EmployerActive 3 days ago
66,https://pk.indeed.com/company/OPTIMIZE-ENGINEERING-CORE-PVT.-LTD/jobs/Trainee-Enginer-a0262887b3bc2b8d?fccid=b645490e9819ef77&vjs=3,Trainee Enginer,OPTIMIZE ENGINEERING CORE PVT. LTD,Karachi,"Rs 25,000 a month",EmployerActive 9 days ago
67,https://pk.indeed.com/company/Healthx-Pakistan/jobs/Office-Receptionist-cacd78403b91ea70?fccid=9444c177f5786a93&vjs=3,Office Receptionist,Healthx Pakistan,Karachi,N/A,EmployerActive 1 day ago
68,https://pk.indeed.com/company/Smart-Placement/jobs/Data-Entry-Operator-23fe2b35636f7d82?fccid=8d2c4609b71b6afd&vjs=3,Data Entry Operator,Smart Placement (Pvt) Ltd,Karachi,"Rs 9,218 - Rs 34,678 a month",PostedPosted 30+ days ago
69,https://pk.indeed.com/company/Aykays/jobs/Data-Entry-c1fa77b6a3f3f08c?fccid=3b348a5cdb2faa85&vjs=3,Data Entry - Internship,Aykays,Karachi,"Rs 10,000 a month",PostedPosted 11 days ago
70,https://pk.indeed.com/company/NBOT/jobs/Assistant-Accountant-ba4c1ab55dcf303b?fccid=397db2fb03ee9377&vjs=3,Assistant Accountant,AR Flour Mill Port Qasim,Karachi,"Rs 35,000 a month",PostedPosted 14 days ago
71,https://pk.indeed.com/company/MicroMerger-(Pvt.)-Ltd/jobs/Research-Analyst-c854134420dfb4f4?fccid=2f3a20a11b8438fa&vjs=3,Research Analyst - Karachinew,MicroMerger (Pvt.) Ltd,Karachi,"Rs 105,000 a month",EmployerActive 2 days ago
72,https://pk.indeed.com/company/Search-Group-of-Companies/jobs/Data-Entry-6c6f993db8e1fe4a?fccid=28936c74ed94d694&vjs=3,Data Entry (Night Shift),Search Group of Companies,Karachi,"Rs 15,000 - Rs 20,000 a month",EmployerActive 1 day ago
73,https://pk.indeed.com/rc/clk?cmp=PAS-ACCOUNTANTS-%2F-Restaurant-One-Solution-(ROS)&ti=Accountant&jk=87aca3b7cb144616&fccid=e4c81ac2aa1ac16c&vjs=3,Accountant,PAS ACCOUNTANTS,Karachi,"Rs 40,000 - Rs 50,000 a month",EmployerActive 6 days ago
74,https://pk.indeed.com/company/Liberty-Books-Pvt-Ltd/jobs/Computer-Operator-89218884102f80e7?fccid=a76bc10fb34ae421&vjs=3,Computer Operator,Liberty Books Pvt Ltd,Karachi,"Rs 18,000 a month",EmployerActive 1 day ago
75,https://pk.indeed.com/company/Qitmeer-Traders/jobs/Data-Entry-Officer-62679c436d58ad01?fccid=c81f6c10658c1da4&vjs=3,Data Entry Officer (Female),Qitmeer Traders,Karachi,"Rs 25,000 - Rs 30,000 a month",PostedPosted 24 days ago
76,https://pk.indeed.com/company/AUA-SOLUTIONS/jobs/Phone-Verification-Officer-ad65e7cda80c5edc?fccid=bad220a08e03b070&vjs=3,Phone Verification Officers,AUA Solutions,Karachi,"Rs 22,000 - Rs 37,000 a month",EmployerActive 3 days ago
77,https://pk.indeed.com/company/Appedology-PVT-Ltd./jobs/Billing-Excel-Specialist-d6c01431ca50916f?fccid=e2fe2b8d82d9ec39&vjs=3,Billing & Excel Specialist,Appedology PVT Ltd.,Karachi,"Rs 40,000 - Rs 45,000 a month",EmployerActive 1 day ago
78,https://pk.indeed.com/company/Quantum-Computing-Services/jobs/Finance-Account-Officer-31619d643b2573ab?fccid=b11de907c5fb7a34&vjs=3,Finance & Accounts Officer,Quantum Computing Services,Karachi,"Rs 40,000 - Rs 60,000 a month",EmployerActive 2 days ago
79,https://pk.indeed.com/company/Qureshi-Group/jobs/Salon-Manager-1c35fe07db5f7b82?fccid=c4b5739829fa46aa&vjs=3,Salon Manager,Qureshi Group,Karachi,"Rs 40,000 - Rs 55,000 a month",EmployerActive 4 days ago
80,https://pk.indeed.com/company/DRM-Outsource-Solutions-Pvt.-Ltd./jobs/Billing-Specialist-d0b0a468f3bd88ad?fccid=79b05d0266c57d97&vjs=3,Billing Specialist -Night Shiftnew,DRM Outsource Solutions Pvt. Ltd.,Karachi,"Rs 35,000 - Rs 40,000 a month",Hiring ongoing
81,https://pk.indeed.com/company/Kareerwiz/jobs/Customer-Service-Officer-b833eb992a4a186e?fccid=62e4be8e22b12fd3&vjs=3,Customer Services Officer,Kareerwiz,Karachi,N/A,EmployerActive 4 days ago
82,https://pk.indeed.com/company/Itribe-Solutions/jobs/Web-Research-Analyst-Data-Entry-Operator-f033dd804549e521?fccid=6d358e7d84a610a1&vjs=3,Web Research Analyst & Data Entry Operator (Morning),Itribe Solutions,Karachi,"Rs 18,500 - Rs 20,000 a month",EmployerActive 5 days ago
83,https://pk.indeed.com/company/Pakistan-Industrial-Films-(Pvt.)-Ltd./jobs/Account-Executive-1f6770158efdb649?fccid=392de962560c6203&vjs=3,Accounts Executive,Pakistan Industrial Films (Pvt.) Ltd.,Karachi,"Rs 35,000 a month",PostedPosted 30+ days ago
84,https://pk.indeed.com/company/Dawat-e-Islami/jobs/Human-Resource-Officer-ca7e08bc6fc6944c?fccid=3c08eaf3780e7ddd&vjs=3,HR Officer,Dawat e Islami,Karachi,"Rs 25,000 a month",EmployerActive 4 days ago
85,https://pk.indeed.com/company/AtoZ-Solutions/jobs/Data-Entry-Online-Marketing-b37abbbbc4e5c244?fccid=d663f21d0469b5dd&vjs=3,Data Entry & Online Marketing,AtoZ Solutions,Karachi,"Rs 15,000 a month",PostedPosted 27 days ago
86,https://pk.indeed.com/company/Digital-Bizkart/jobs/Internship-697e5e8089273481?fccid=b72b1b99a902e2e5&vjs=3,Internship - Data Entry,Career Consultants Inc.,Karachi,"Rs 12,000 a month",PostedPosted 27 days ago
87,https://pk.indeed.com/company/MARS-Healthcare-Network/jobs/Workflow-Executive-32401f6cbbc85220?fccid=1ef8430dafd7acdf&vjs=3,Workflow Executive,MARS Healthcare Network,Karachi,"Rs 55,000 a month",PostedPosted 18 days ago
88,https://pk.indeed.com/company/MicroMerger-(Pvt.)-Ltd/jobs/District-Liaison-Officer-06ffa027e2ea50df?fccid=2f3a20a11b8438fa&vjs=3,District Liaison Officer - Karachinew,MicroMerger (Pvt.) Ltd,Karachi,"Rs 55,000 a month",PostedPosted 4 days ago
89,https://pk.indeed.com/company/Human-Resource-Solution-(Pvt.)-Ltd./jobs/Hotel-Manager-f5f6833b97646e5a?fccid=0b6a0aacc7516166&vjs=3,Hotel Manager-Karachinew,Human Resource Solution (Pvt.) Ltd.,Karachi,"Rs 60,000 - Rs 80,000 a month",PostedPosted 2 days ago
90,https://pk.indeed.com/company/Gulf-Star-Travel-&-Tourism/jobs/Inside-Sales-Representative-Male-Female-cd0c51c0e5c39e3d?fccid=fa1084c446b93257&vjs=3,INSIDE SALES REPRESENTATIVE MALE & FEMALEnew,Gulf Star Travel & Tourism,Karachi,N/A,EmployerActive 2 days ago
91,https://pk.indeed.com/company/Itribe-Solutions/jobs/Web-Research-Analyst-Data-Entry-Operator-f033dd804549e521?fccid=6d358e7d84a610a1&vjs=3,Web Research Analyst & Data Entry Operator (Morning),Itribe Solutions,Karachi,"Rs 18,500 - Rs 20,000 a month",EmployerActive 5 days ago
92,https://pk.indeed.com/company/Summon-electronics/jobs/Accounting-Personnel-Core-Quickbook-Zoho-Book-Knowledge-fa2d9ee687a60c04?fccid=a2a554d97a50fc94&vjs=3,Accounting Personnel with Core QuickBooks and Zoho Books Knowledge (Remote),Summon Electronics Inc,Karachi,"Rs 70,000 a month",EmployerActive 1 day ago
93,https://pk.indeed.com/company/Digital-Bizkart/jobs/Internship-697e5e8089273481?fccid=b72b1b99a902e2e5&vjs=3,Internship - Data Entry,Career Consultants Inc.,Karachi,"Rs 12,000 a month",PostedPosted 27 days ago
94,https://pk.indeed.com/company/Marie-Stopes-Society-Pakisatn/jobs/Paramedic-8ac1f5e79351abe2?fccid=a1d550a2902651ef&vjs=3,Paramedic / LHV / Midwife,Marie Stopes Society Pakisatn,Karachi,"Rs 30,000 - Rs 40,000 a month",EmployerActive 8 days ago
95,https://pk.indeed.com/company/Cancer-Foundation-Hospital/jobs/Lab-Technologist-6f8e5d2e407a43de?fccid=27ec6a56c9d884d9&vjs=3,Lab Technologist,Cancer Foundation Hospital,Karachi,N/A,EmployerActive 1 day ago
96,https://pk.indeed.com/company/Alam-Reunion-Private-Limited/jobs/Account-Inventory-Officer-9d162d431252888f?fccid=f1205c608d4a9d10&vjs=3,Accounts & Inventory officer,Alam Reunion Private Limited,Karachi,"Rs 25,000 - Rs 35,000 a month",EmployerActive 1 day ago
97,https://pk.indeed.com/company/Appedology-PVT-Ltd./jobs/Billing-Excel-Specialist-d6c01431ca50916f?fccid=e2fe2b8d82d9ec39&vjs=3,Billing & Excel Specialist,Appedology PVT Ltd.,Karachi,"Rs 40,000 - Rs 45,000 a month",EmployerActive 1 day ago
98,https://pk.indeed.com/company/Fahad-Enterprises/jobs/Accountant-Urdu-Typist-2c4a6a500b211c0a?fccid=5f5bd4d39e2e95d7&vjs=3,Accountant and Urdu Typist,Fahad Enterprises,Karachi,"Rs 25,000 a month",EmployerActive 1 day ago
99,https://pk.indeed.com/company/Facon/jobs/Senior-Account-Executive-f3b68e9912226bfc?fccid=542008648618b7d4&vjs=3,SENIOR ACCOUNTS EXECUTIVE (MALE)new,FACON,Karachi,N/A,EmployerActive 2 days ago
100,https://pk.indeed.com/company/Liberty-Books-Pvt-Ltd/jobs/Customer-Service-Representative-01b6038ed381f158?fccid=a76bc10fb34ae421&vjs=3,CUSTOMER SERVICE REPRESENTATIVE (FEMALE)new,Liberty Books Pvt Ltd,Karachi,"Rs 30,000 - Rs 35,000 a month",PostedPosted 6 days ago
101,https://pk.indeed.com/company/MARS-Healthcare-Network/jobs/Workflow-Executive-32401f6cbbc85220?fccid=1ef8430dafd7acdf&vjs=3,Workflow Executive,MARS Healthcare Network,Karachi,"Rs 55,000 a month",PostedPosted 18 days ago
102,https://pk.indeed.com/company/JPSD/jobs/Assistant-Billing-Controller-Account-Trainee-7710ef19f5910766?fccid=be635ddbcd51ecb5&vjs=3,Assistant Billing Controller and Accounts Trainee,JPSD - Jamiyat Punjabi Saudagran-e-Dehli,Karachi,"Rs 20,000 - Rs 30,000 a month",EmployerActive 2 days ago
103,https://pk.indeed.com/company/Lucky-Fabirc/jobs/Social-Media-Assistant-d7e4a48cc14d70b6?fccid=f8e59bb00553ebf9&vjs=3,Social Media Assistant,Knitting Company,Karachi,"Rs 30,000 - Rs 40,000 a month",EmployerActive 1 day ago
104,https://pk.indeed.com/company/ART/jobs/Customer-Support-Executive-e3f982d9c294a3e8?fccid=f470b908090ea35e&vjs=3,Customer Support Executive,Help Pakistan (NGO),Karachi,"Rs 25,000 a month",PostedPosted 30+ days ago
105,https://pk.indeed.com/company/PRIME-HR/jobs/Data-Entry-Executive-069bc76aa4aa1872?fccid=8ca1e12213c0b536&vjs=3,Data Entry Executives,PRIME HR,Karachi,"Rs 25,000 - Rs 35,000 a month",Hiring ongoing
106,https://pk.indeed.com/company/Ventureforrceglobal/jobs/Senior-Accountant-da0727598b5d17d5?fccid=1e1c7750883dab00&vjs=3,Sr Accountant,VentureForce Global,Karachi,"Rs 40,000 - Rs 50,000 a month",PostedPosted 30+ days ago
107,https://pk.indeed.com/company/AtoZ-Solutions/jobs/Data-Entry-Online-Marketing-b37abbbbc4e5c244?fccid=d663f21d0469b5dd&vjs=3,Data Entry & Online Marketing,AtoZ Solutions,Karachi,"Rs 15,000 a month",PostedPosted 27 days ago
108,https://pk.indeed.com/company/OPTIMIZE-ENGINEERING-CORE-PVT.-LTD/jobs/Supply-Chain-Officer-632cc6743bae20a2?fccid=b645490e9819ef77&vjs=3,Supply chain Officer,OPTIMIZE ENGINEERING CORE PVT. LTD,Karachi,"Rs 30,000 a month",EmployerActive 2 days ago
109,https://pk.indeed.com/company/Human-Resource-Solution-(Pvt.)-Ltd./jobs/Assistant-Shift-Leader-d84e8a5a5c59e1d4?fccid=0b6a0aacc7516166&vjs=3,Assistant Shift Leadernew,Human Resource Solution (Pvt.) Ltd.,Karachi,N/A,PostedPosted 6 days ago
110,https://pk.indeed.com/company/Tenfolds-Media/jobs/Data-Entry-Shopify-Intern-0391992a6606b2a4?fccid=eea7de858d374fd8&vjs=3,Data Entry Shopify-Intern,Tenfolds Media,Karachi,"Rs 15,000 a month",EmployerActive 10 days ago
111,https://pk.indeed.com/company/Appedology-PVT-Ltd./jobs/Medical-Billing-Executive-103630e8deb0726b?fccid=e2fe2b8d82d9ec39&vjs=3,Medical Billing Executive,Appedology PVT Ltd.,Karachi,"Rs 40,000 - Rs 60,000 a month",EmployerActive 1 day ago
112,https://pk.indeed.com/company/The-Hunar-Foundation/jobs/Assistant-Manager-b34375913c63cd55?fccid=877d947e4a818703&vjs=3,Assistant Manager - Monitoring & Evaluation,The Hunar Foundation,Karachi,N/A,PostedPosted 19 days ago
113,https://pk.indeed.com/company/Lucky-Fabirc/jobs/Social-Media-Assistant-0906623eda30ab52?fccid=f8e59bb00553ebf9&vjs=3,Social Media Assistant,Lucky Fabirc,Karachi,"Rs 30,000 - Rs 40,000 a month",EmployerActive 4 days ago
114,https://pk.indeed.com/company/No-Joke-Marketing/jobs/Digital-Marketing-Head-dab8ffba85165a81?fccid=0512ee317d2ebba5&vjs=3,Digital Marketing Head,No Joke Marketing,Karachi,"Rs 56,382 - Rs 119,960 a month",PostedPosted 23 days ago
115,https://pk.indeed.com/company/metro-financial-services/jobs/Accounting-Associate-53d4311198e92f42?fccid=5e3ce4d0150cb5bb&vjs=3,Accounting Associate - Trainee (Night Shift),Metro Financial Services,Karachi,"Rs 25,000 a month",EmployerActive 6 days ago
116,https://pk.indeed.com/company/Zastech/jobs/Customer-Service-UK-Based-61b8c2c4aa87b0b3?fccid=6fd04db82c1d50f1&vjs=3,Customer Service UK Based,AT-Desk,Karachi,"Rs 30,000 - Rs 35,000 a month",EmployerActive 4 days ago
117,https://pk.indeed.com/company/CreativeITsols/jobs/Data-Entry-Assistant-bbe77ccef3c159c4?fccid=04e015e73797cadb&vjs=3,Data Entry Assistant,CreativeITsols,Karachi,"Rs 18,000 a month",EmployerActive 2 days ago
118,https://pk.indeed.com/company/MaijiTech/jobs/International-Sales-e3b95c16493ffff5?fccid=55a1656ee32ee540&vjs=3,International Sales (RSP),MaijiTech,Karachi,"Rs 40,000 a month",EmployerActive 5 days ago
119,https://pk.indeed.com/company/Gagai-Fabrics/jobs/Data-Research-c8fa435fd31041ed?fccid=6552b93db53ce81c&vjs=3,Data Research ; Data Entry,House of Gagai - G9 Fabrics,Karachi,"Rs 15,000 a month",PostedPosted 25 days ago
120,https://pk.indeed.com/company/AGILE-HR/jobs/Operational-Analyst-Officer-bb8b5cfa78a9f4b3?fccid=1acaf2c4aace6f92&vjs=3,Operational Analyst Officernew,Agile HR Consulting,Karachi,"Rs 40,000 - Rs 55,000 a month",PostedPosted 4 days ago
121,https://pk.indeed.com/company/Silver-Surgical-Complex-pvt-ltd/jobs/Human-Resource-Officer-421b166fe89a446e?fccid=72bcf35636e103e1&vjs=3,HR Officer,Silver Surgical Complex Pvt Ltd,Karachi,"Rs 25,000 - Rs 35,000 a month",PostedPosted 24 days ago
122,https://pk.indeed.com/company/2C--Health/jobs/Care-Facilitator-e6fff567590e551a?fccid=8a123fc54035ea2b&vjs=3,Care Facilitator,2C-Health,Karachi,N/A,EmployerActive 2 days ago
123,https://pk.indeed.com/company/Sybrid-Pvt-Ltd---A-Lakson-Group-Company/jobs/Customer-Service-Intern-23ea70ed679ed089?fccid=11a6b7d1d357bdd1&vjs=3,Customer Service Intern,Sybrid Pvt Ltd - A Lakson Group Company,Karachi,N/A,EmployerActive 1 day ago
124,https://pk.indeed.com/company/OPTIMIZE-ENGINEERING-CORE-PVT.-LTD/jobs/Account-Assistant-84bd4dcdaef5b9f6?fccid=b645490e9819ef77&vjs=3,Accounts Assistantnew,OPTIMIZE ENGINEERING CORE PVT. LTD,Karachi,"Rs 25,000 a month",EmployerActive 4 days ago
125,https://pk.indeed.com/company/Tall-Man-Films/jobs/Finance-Manager-3375c8ff1c84faf8?fccid=379ebddec4996fc0&vjs=3,Finance Manager,Tall Man Films,Karachi,"Rs 35,000 - Rs 50,000 a month",EmployerActive 3 days ago
126,https://pk.indeed.com/company/Ventureforrceglobal/jobs/Account-Associate-d7562a8683b5c67f?fccid=1e1c7750883dab00&vjs=3,Accounts Associate,VentureForce Global,Karachi,"Rs 20,000 - Rs 30,000 a month",PostedPosted 30+ days ago
127,https://pk.indeed.com/company/Nedo-Pakistan/jobs/Software-Support-Executive-04051b1def0c846c?fccid=f971b0c7b5d4b117&vjs=3,Software Support Executivenew,Nedo Pakistan,Karachi,N/A,PostedPosted 6 days ago
128,https://pk.indeed.com/company/Apparel-Merchandising-Services/jobs/Junior-Account-Officer-8b62be46e4b06df7?fccid=dc0abe16540e4890&vjs=3,Junior Accounts Officer,Apparel Merchandising Services,Karachi,N/A,EmployerActive 1 day ago
129,https://pk.indeed.com/company/Mehran-International/jobs/Senior-Accountant-70620c2e2aafc7de?fccid=766cd9007763e67e&vjs=3,SR. ACCOUNTANT,MEHRAN INTERNATIONAL,Hub,"Rs 30,000 a month",EmployerActive 3 days ago
130,https://pk.indeed.com/rc/clk?cmp=PAS-ACCOUNTANTS-%2F-Restaurant-One-Solution-(ROS)&ti=Junior+Accountant&jk=97b64088801d50fe&fccid=e4c81ac2aa1ac16c&vjs=3,Junior Accountant,PAS ACCOUNTANTS,Karachi,"Rs 25,000 - Rs 35,000 a month",EmployerActive 1 day ago
131,https://pk.indeed.com/rc/clk?jk=5a0042aff752d7de&fccid=865fc3dca108ec05&vjs=3,Regional Head South – Karachinew,The Aga Khan Health Service Pakistan,Karachi,N/A,PostedPosted 3 days ago
132,https://pk.indeed.com/company/Source-Code/jobs/International-Sales-Support-Executive-90c8b09f546226e4?fccid=9e201390ae8ab2ff&vjs=3,International Sales and Support Executive - Night shift,Source Code,Karachi,"Rs 40,000 - Rs 50,000 a month",EmployerActive 2 days ago
133,https://pk.indeed.com/company/Non-Profit-Organization/jobs/Resource-Mobilization-Executive-86049efe3769836a?fccid=87049256be7788a0&vjs=3,Resource Mobilization Executive,Green Crescent Trust (GCT),Karachi,N/A,EmployerActive 4 days ago
134,https://pk.indeed.com/company/Fulcrum-Pvt-Ltd/jobs/Q-Supervisor-fb851c8923778897?fccid=dc55519868e92e7f&vjs=3,Q.A Supervisor - Food industry,Fulcrum Pvt Ltd,Karachi,"Rs 30,000 - Rs 35,000 a month",EmployerActive 1 day ago
135,https://pk.indeed.com/company/PerksHR/jobs/Research-Associate-eb8b6ea374e9f643?fccid=463894a38586224f&vjs=3,Research Associate,Perks HR Pvt. Ltd,Karachi,N/A,PostedPosted 10 days ago
136,https://pk.indeed.com/company/WZ-Consultants/jobs/Quickbook-b6825d34555662aa?fccid=76b75a3dcf365245&vjs=3,Quickbooks - Admin Executive,The Trainers,Karachi,"Rs 30,000 - Rs 40,000 a month",PostedPosted 30+ days ago
137,https://pk.indeed.com/company/Maxcom-Pvt-Ltd/jobs/Assistant-E-Commerce-Executive-Data-Entry-e062efd4deb4f612?fccid=dcdb6a2825efd706&vjs=3,(FEMALE ONLY) Assistant E Commerce Executive/Data Entry,Maxcom Pvt Ltd,Karachi,"Rs 20,000 a month",PostedPosted 19 days ago
138,https://pk.indeed.com/company/Gilani-Traders-Pvt.-Ltd/jobs/Ecommerce-Executive-2085368f5a3875f6?fccid=1e9d31b999c1be59&vjs=3,Ecommerce Executive,Gilani Traders Pvt. Ltd,Karachi,"Rs 20,000 - Rs 25,000 a month",PostedPosted 9 days ago
139,https://pk.indeed.com/company/AMRELI-STEELS-LIMITED/jobs/Assistant-Engineer-269e690ad3c7daa6?fccid=942a0aceae2084a0&vjs=3,Assistant Engineer- Production (Rolling Mill)new,AMRELI STEELS LIMITED,Karachi,"Rs 45,000 - Rs 60,000 a month",PostedPosted 5 days ago
140,https://pk.indeed.com/rc/clk?jk=11341278217c2cf0&fccid=992e5bfd50e8b5a9&vjs=3,Human Resources (HR) Assistant / Administrator,KMNR Engineering,Karachi,N/A,PostedPosted 30+ days ago
141,https://pk.indeed.com/rc/clk?jk=9484dd3e009a7213&fccid=640dca9eb5ac7545&vjs=3,Research Associate,"Surgery, Medical College",Karachi,N/A,PostedPosted 10 days ago
142,https://pk.indeed.com/rc/clk?jk=5343b4050ccb5043&fccid=cc439ff89acda9c4&vjs=3,Deputy Manager Tax & Corporate Compliance,DP World,Karachi,N/A,PostedPosted 30+ days ago
143,https://pk.indeed.com/company/Maxcom-Pvt-Ltd/jobs/Assistant-E-Commerce-Executive-1c59f1c63f1728ea?fccid=dcdb6a2825efd706&vjs=3,Assistant E Commerce Executive/ Data Entry (NIGHT SHIFT) Male,Maxcom Pvt Ltd,Karachi,"Rs 18,000 - Rs 20,000 a month",Hiring ongoing
144,https://pk.indeed.com/company/Facon/jobs/Account-Executive-6de56f0c5f3de6b0?fccid=542008648618b7d4&vjs=3,ACCOUNTS EXECUTIVE (MALE)new,FACON,Karachi,"Rs 30,000 - Rs 35,000 a month",PostedPosted 3 days ago
145,https://pk.indeed.com/company/DRM-Outsource-Solutions-Pvt.-Ltd./jobs/Freight-Operation-Executive-2d800f080e7e86f8?fccid=79b05d0266c57d97&vjs=3,"Freight Operations Executive - Night Job USA Campaign, Karach",DRM Outsource Solutions Pvt. Ltd.,Karachi,"Rs 30,000 - Rs 35,000 a month",Hiring ongoing
146,https://pk.indeed.com/company/Ventureforrceglobal/jobs/Account-Manager-bd7d4b8b0fc834d9?fccid=1e1c7750883dab00&vjs=3,Accounts Manager,VentureForce Global,Karachi,"Rs 30,000 - Rs 50,000 a month",PostedPosted 30+ days ago
147,https://pk.indeed.com/company/OMA-Pakistan-Pvt-Ltd/jobs/Junior-Software-Developer-9d799012f759e523?fccid=a355f7f9412af4d0&vjs=3,Junior Software Developernew,OMA Pakistan Pvt Ltd,Karachi,N/A,EmployerActive 3 days ago
148,https://pk.indeed.com/rc/clk?jk=2169600831237a54&fccid=a1cf3602cc601f16&vjs=3,Assistant Accountant,Contour Software,Karachi,N/A,PostedPosted 30+ days ago
149,https://pk.indeed.com/company/MY-corp/jobs/Female-Data-Entry-Operator-Korangi-b0e6f0e0fbed20e9?fccid=cc2a4ae84de6ff95&vjs=3,Female data Entry operator Korangi,M Y CORP,Karachi,"Rs 21,000 a month",EmployerActive 16 days ago
150,https://pk.indeed.com/company/Search-Group-of-Companies/jobs/Receptionist-4fc348e1901e7058?fccid=28936c74ed94d694&vjs=3,Receptionist ( Female ),Search Group of Companies,Karachi,"Rs 15,000 - Rs 25,000 a month",PostedPosted 25 days ago
151,https://pk.indeed.com/company/Shopit.pk/jobs/Assistant-Accountant-d22025998ef80111?fccid=6cce5478eb4e8799&vjs=3,Assistant Accountantnew,Shopit,Karachi,"Rs 20,000 a month",PostedToday
152,https://pk.indeed.com/company/Garments-company/jobs/E-Commerce-Executive-c9b38bce0c4a2a24?fccid=b88385167651d99d&vjs=3,E-Commerce Executive,Garments company,Korangi,N/A,EmployerActive 3 days ago
153,https://pk.indeed.com/company/F&M-(Pvt.)-limited/jobs/Manager-Geological-Laboratory-d1ae2ef33cabad56?fccid=95d1e9cd07e38749&vjs=3,Manager Geological Laboratory - Karachi,F&M (Pvt.) limited,Karachi,"Rs 75,000 - Rs 100,000 a month",EmployerActive 4 days ago
154,https://pk.indeed.com/company/PRIME-HR/jobs/Back-Office-Executive-df3a817a3c24207e?fccid=8ca1e12213c0b536&vjs=3,Back Office Executive - Advance Excel,PRIME HR,Karachi,"Rs 30,000 - Rs 35,000 a month",Hiring ongoing
155,https://pk.indeed.com/company/Nedo-Pakistan/jobs/Junior-Software-Developer-3574dfbb2206b0a7?fccid=f971b0c7b5d4b117&vjs=3,Jr. Software Developernew,Nedo Pakistan,Karachi,N/A,PostedPosted 4 days ago
156,https://pk.indeed.com/company/DRM-Outsource-Solutions-Pvt.-Ltd./jobs/Operation-Executive-3f2a80b150c0df1f?fccid=79b05d0266c57d97&vjs=3,Operations Executive - only Bahria Town Karachi Residencenew,DRM Outsource Solutions Pvt. Ltd.,Karachi,"Rs 30,000 - Rs 45,000 a month",Hiring ongoing
157,https://pk.indeed.com/company/JPSD/jobs/Billing-Officer-Cashier-7c4d2e5ba1070e54?fccid=be635ddbcd51ecb5&vjs=3,Billing Officer/Cashier,JPSD - Jamiyat Punjabi Saudagran-e-Dehli,Karachi,"Rs 20,000 - Rs 40,000 a month",EmployerActive 2 days ago
158,https://pk.indeed.com/company/Mega-Marketing-Network/jobs/Social-Media-Assistant-129c1771cd50ff1f?fccid=76f0de67ef320421&vjs=3,Social Media Assistant,Mega Marketing Network,Karachi,"Rs 20,000 a month",PostedPosted 30+ days ago
159,"https://pk.indeed.com/company/Mezrab,-Pakistan/jobs/Paramedic-Korangi-Clifton-7c5dda82aeaff052?fccid=3b01010429fd230f&vjs=3",Paramedic for Korangi & Clifton,"Mezrab, Pakistan",Karachi,"Rs 35,000 - Rs 40,000 a month",PostedPosted 26 days ago
160,https://pk.indeed.com/company/BLUE-HORIZON-SCHOOL/jobs/Female-Receptionist-School-Office-4da92a75ce86e640?fccid=d7ede883f6dc762a&vjs=3,Female Receptionist For School Office,BLUE HORIZON SCHOOL,Karachi,N/A,EmployerActive 2 days ago
161,https://pk.indeed.com/rc/clk?jk=741c26adf05ecada&fccid=5e964c4afc56b180&vjs=3,Senior Associate I,PwC,Karachi,N/A,PostedPosted 30+ days ago
162,https://pk.indeed.com/rc/clk?jk=5a1f88f0813a6c2b&fccid=ab36df254072e332&vjs=3,Delivery Associate,Legal Aid Society,Karachi,N/A,PostedPosted 13 days ago
163,https://pk.indeed.com/rc/clk?jk=b35ef35e3470e539&fccid=fe7e6452afea9bd5&vjs=3,Content Writer,Creatif Soft,Karachi,N/A,PostedPosted 30+ days ago
164,https://pk.indeed.com/company/Zastech/jobs/Customer-Service-Analyst-UK-Based-3e07caef517c4b03?fccid=6fd04db82c1d50f1&vjs=3,Customer Service Analyst UK Based,AT-Desk,Karachi,"Rs 35,000 - Rs 40,000 a month",PostedPosted 30+ days ago
165,https://pk.indeed.com/company/Human-Capital-HR-Solutions/jobs/Finance-Manager-2352963fd08a756c?fccid=fb77907e9de46877&vjs=3,Finance Manager,Human Capital HR Solutions,Karachi,N/A,EmployerActive 1 day ago
166,https://pk.indeed.com/rc/clk?jk=fbcad615260b9898&fccid=4e5b9d54cb950719&vjs=3,Service Desk Analyst - Karachi,Mobiz,Karachi,N/A,PostedPosted 9 days ago
167,https://pk.indeed.com/company/Fulcrum-Pvt-Ltd/jobs/QA-Supervisor-27d3c348a096e026?fccid=dc55519868e92e7f&vjs=3,QA Supervisor - Food Industry,Fulcrum Pvt Ltd,Karachi,"Rs 35,000 a month",EmployerActive 16 days ago
168,https://pk.indeed.com/company/MRP-Elite-Pvt-Ltd/jobs/Account-Admin-Intern-cc9518ee2b4c39f2?fccid=bc7dd933ed75717a&vjs=3,Accounts & Admin Intern (Paid Internship),MRP Elite Pvt Ltd,Karachi,"Rs 10,000 a month",EmployerActive 5 days ago
169,https://pk.indeed.com/company/Avedasoft/jobs/IT-Intern-0745057ac95bb9eb?fccid=dac9cf338e7ca345&vjs=3,IT Intern,Avedasoft,Karachi,"Rs 16,000 a month",PostedPosted 18 days ago
170,https://pk.indeed.com/rc/clk?jk=afac7ec52a4cff23&fccid=ba5912427a8e8cb8&vjs=3,Officer – Information Technology,Hasnain Tanweer Associates (HTA),Karachi,N/A,PostedPosted 30+ days ago
171,https://pk.indeed.com/company/Earthlink-Innovations/jobs/Customer-Support-Executive-23bdbc9a28aac423?fccid=567c7e58522cea89&vjs=3,Customer Support Executive,EarthLink Innovations,Karachi,"Rs 25,000 - Rs 35,000 a month",Hiring ongoing
172,https://pk.indeed.com/company/Human-Resource-Solution-(Pvt.)-Ltd./jobs/Assistant-Manager-Terminal-d96695ecb4bc7ff7?fccid=0b6a0aacc7516166&vjs=3,Assistant Manager Terminalnew,Human Resource Solution (Pvt.) Ltd.,Karachi,N/A,PostedPosted 6 days ago
173,https://pk.indeed.com/company/PerksHR/jobs/Associate-5072aec4588055f8?fccid=463894a38586224f&vjs=3,Associate - Regional Delivery Team,Perks HR Pvt. Ltd.,Karachi,N/A,PostedPosted 30+ days ago
174,https://pk.indeed.com/company/MY-corp/jobs/Female-Data-Entry-Operator-Graphic-Deisnger-858b98502f331043?fccid=cc2a4ae84de6ff95&vjs=3,Female data Entry operator and graphic deisnger,M Y CORP,Karachi,"Rs 23,000 a month",EmployerActive 20 days ago
175,https://pk.indeed.com/company/SIKANDAR-&-CO./jobs/Account-Assistant-19ca0e4190188855?fccid=2ce5ca6d85f1cffe&vjs=3,Accounts Assistant (Female),SIKANDAR & CO.,Karachi,"Rs 25,000 - Rs 35,000 a month",EmployerActive 3 days ago
176,https://pk.indeed.com/company/TALENTMINE/jobs/Customer-Service-Representative-b660ffdcafbe28c0?fccid=a3544f52feb89fc6&vjs=3,Customer Service Representative,TalentMine,Karachi,N/A,EmployerActive 6 days ago
177,https://pk.indeed.com/company/AUA-SOLUTIONS/jobs/Data-Verification-Phone-Officer-081311c8301db725?fccid=bad220a08e03b070&vjs=3,DATA Verification Phone Officers,AUA Solutions,Karachi,"Rs 22,000 - Rs 37,000 a month",EmployerActive 9 days ago
178,https://pk.indeed.com/rc/clk?jk=a12e8db1f1034f0c&fccid=b699f89e027ca757&vjs=3,Service Desk Analyst,Afiniti,Karachi,N/A,PostedPosted 30+ days ago
179,https://pk.indeed.com/company/CreativeITsols/jobs/Female-Data-Entry-Operator-f7422372581d1c10?fccid=04e015e73797cadb&vjs=3,Female Data Entry Operator,CreativeITsols,Karachi,"Rs 15,000 a month",Hiring ongoing
180,https://pk.indeed.com/company/KH-Group-of-Companies/jobs/Finance-Account-Executive-459ee871543713e6?fccid=66195c9d18bb84c9&vjs=3,Finance & Accounts Executive,KH Group of Companies,Karachi,"Rs 35,000 - Rs 40,000 a month",EmployerActive 2 days ago
181,https://pk.indeed.com/company/Earthlink-Innovations/jobs/Customer-Support-Sales-Executive-e3f654c0de685806?fccid=567c7e58522cea89&vjs=3,Customer Support and sales Executive,EarthLink Innovations,Karachi,"Rs 25,000 - Rs 35,000 a month",PostedPosted 22 days ago
182,https://pk.indeed.com/company/PerksHR/jobs/Senior-Associate-fd5589b0f7d0a04a?fccid=463894a38586224f&vjs=3,Senior Associate- Regional Delivery Team,Perks HR Pvt. Ltd.,Karachi,N/A,PostedPosted 30+ days ago
183,"https://pk.indeed.com/company/Pakish-Web-Design,Development,-Hosting-Company/jobs/Intern-Account-Department-6cdb06c79c19f890?fccid=1c155a7dd731cd8d&vjs=3",Required Interns in Accounts Department ( O Level Must ),Pakish Group - A Software House,Karachi,N/A,PostedPosted 30+ days ago
184,https://pk.indeed.com/company/Aykays/jobs/Human-Resource-Administration-Internship-ec03e8031ecf4ca2?fccid=3b348a5cdb2faa85&vjs=3,HR and Administration Internship,Aykays,Karachi,"Rs 10,000 a month",PostedPosted 30+ days ago
185,https://pk.indeed.com/company/NOW-HR/jobs/Account-Executive-67448a19946c5ea3?fccid=56b0feeb16f4fa73&vjs=3,Accounts Executive,NOW HR,Karachi,"Rs 35,000 - Rs 45,000 a month",PostedPosted 30+ days ago
186,https://pk.indeed.com/company/Bilal-Trading-Company/jobs/Marketing-Manager-fb3d37d8c7c00b8b?fccid=6cc75c81d4842458&vjs=3,Marketing manager,Bilal Trading Company,Karachi,"Rs 15,000 - Rs 20,000 a month",PostedPosted 16 days ago
187,https://pk.indeed.com/company/Marie-Stopes-Society-Pakisatn/jobs/Paramedic-cee5858673415601?fccid=a1d550a2902651ef&vjs=3,Paramedic - Nurse - LHV,Marie Stopes Society Pakisatn,Karachi,"Rs 35,000 - Rs 40,000 a month",EmployerActive 3 days ago
188,https://pk.indeed.com/company/3D-Lifestyle/jobs/Female-Computer-Science-Graduate-218a2ab6835b4dd2?fccid=a56e0a38ff235c3e&vjs=3,Female Computer Science Graduate (Karachi),3D LifeStyle,Karachi,"Rs 25,000 a month",EmployerActive 11 days ago
189,https://pk.indeed.com/company/AGILE-HR/jobs/Operation-Analyst-bea3025da2b4711f?fccid=1acaf2c4aace6f92&vjs=3,Operation Analyst(Night Shift),Agile HR Consulting,Karachi,"Rs 50,000 a month",EmployerActive 2 days ago
190,https://pk.indeed.com/company/Zastech/jobs/Customer-Service-Representative-UK-Based-1e723d39821168e7?fccid=6fd04db82c1d50f1&vjs=3,Customer Service Representative UK Based,AT-Desk,Karachi,"Rs 30,000 - Rs 35,000 a month",PostedPosted 30+ days ago
191,https://pk.indeed.com/company/Avedasoft/jobs/IT-Internee-01dbbc46e796ec1f?fccid=dac9cf338e7ca345&vjs=3,IT Internee (female),Avedasoft,Karachi,"Rs 16,000 a month",PostedPosted 30+ days ago
192,https://pk.indeed.com/rc/clk?jk=a635f46950586175&fccid=d0c850388f9e0a8c&vjs=3,Lead generation,Sperton Global AS,Karachi,N/A,PostedPosted 30+ days ago
193,https://pk.indeed.com/company/AUA-SOLUTIONS/jobs/IT-Network-Support-Engineer-9c5eb4955164a7e7?fccid=bad220a08e03b070&vjs=3,IT Network & Support Engineernew,AUA Solutions,Karachi,"Rs 25,000 - Rs 35,000 a month",PostedPosted 3 days ago
194,https://pk.indeed.com/rc/clk?jk=1bb1f4e602a338a1&fccid=a1cf3602cc601f16&vjs=3,Senior Tax Analyst,Contour Software,Karachi,N/A,PostedPosted 9 days ago
195,https://pk.indeed.com/company/Avedasoft/jobs/IT-Intern-f274c4bd6ba7c0a5?fccid=dac9cf338e7ca345&vjs=3,IT Intern (female),Avedasoft,Karachi,"Rs 16,000 a month",PostedPosted 30 days ago
196,https://pk.indeed.com/company/Wigatech/jobs/Business-Development-Executive-d389787cd5048003?fccid=037867f2bf96ad67&vjs=3,Business Development Executive,Wigatech,Karachi,N/A,Hiring ongoing
197,https://pk.indeed.com/company/3D-Lifestyle/jobs/Female-Software-Data-Entry-Assistant-670b4d31127d02e3?fccid=a56e0a38ff235c3e&vjs=3,Female Software Data Entry Assistant (Karachi),3D LifeStyle,Karachi,"Rs 25,000 a month",EmployerActive 5 days ago
198,https://pk.indeed.com/company/Aykays/jobs/Human-Resource-Administration-Internship-8cf715b6f4261208?fccid=3b348a5cdb2faa85&vjs=3,HR and Administration Internship - Only Males,Aykays,Karachi,"Rs 10,000 a month",PostedPosted 30+ days ago
199,https://pk.indeed.com/company/DRM-Outsource-Solutions-Pvt.-Ltd./jobs/Operation-Admin-Executive-763fa2c3d0f0030f?fccid=79b05d0266c57d97&vjs=3,Operations/Admin Executive - only Bahria Town Karachi Residence,DRM Outsource Solutions Pvt. Ltd.,Karachi,"Rs 30,000 - Rs 45,000 a month",Hiring ongoing
200,https://pk.indeed.com/rc/clk?jk=ca6088dbe8bf1150&fccid=a1cf3602cc601f16&vjs=3,Financial Accountant,Contour Software,Karachi,N/A,PostedPosted 30+ days ago
201,https://pk.indeed.com/company/3D-Lifestyle/jobs/Female-Supply-Chain-Assistant-8c0661e49a052e83?fccid=a56e0a38ff235c3e&vjs=3,Female Supply Chain Assistant (Karachi),3D LifeStyle,Karachi,"Rs 25,000 a month",EmployerActive 19 days ago
202,https://pk.indeed.com/company/AUA-SOLUTIONS/jobs/System-Network-Support-Engineer-5b621388292cca50?fccid=bad220a08e03b070&vjs=3,system & Network support Engineer,AUA Solutions,Karachi,"Rs 25,000 - Rs 40,000 a month",PostedPosted 19 days ago
203,https://pk.indeed.com/company/AUA-SOLUTIONS/jobs/Junior-System-Network-Engineer-aaedeaf9dca89389?fccid=bad220a08e03b070&vjs=3,Jr System & Network Engineer,AUA Solutions,Karachi,"Rs 22,000 - Rs 26,000 a month",PostedPosted 30+ days ago
204,https://pk.indeed.com/company/AUA-SOLUTIONS/jobs/Network-Voip-Engineer-43f54a9d8f437cb9?fccid=bad220a08e03b070&vjs=3,Network/Voip Engineer,AUA Solutions,Karachi,"Rs 25,000 - Rs 35,000 a month",PostedPosted 30+ days ago
